product_name,company_name,brand,spf,pa,image_url,official_url,info_url,ingredients,notes
アリィー クロノビューティ ジェルUV EX,カネボウ化粧品,ALLIE,SPF50+,PA++++,https://www.matsukiyococokara-online.com/store/media/catalog/product/4/9/4973167057742_01_f08d666c09654f607bd9ce50a85f8fab.jpg,https://www.kanebo-cosmetics.jp/allie/product/item/item01/,https://www.cosme.net/products/10217043/,水、酸化亜鉛、エタノール、セバシン酸ジイソプロピル、炭酸ジカプリリル、エチルヘキシルトリアゾン、グリセリン、安息香酸アルキル(C12-15)、ジメチコン、ドロメトリゾールトリシロキサン、(アクリル酸Na/アクリロイルジメチルタウリンNa)コポリマー、ビスエチルヘキシルオキシフェノールメトキシフェニルトリアジン、BG、イソヘキサデカン、トリエトキシカプリリルシラン、ポリアクリル酸アルキル(C10-30)、(アクリレーツ/メタクリル酸ポリトリメチルシロキシ)コポリマー、PEG-400、ポリソルベート80、アルキル(C30-45)メチコン、キサンタンガム、オレフィン(C30-45)、オレイン酸ソルビタン、ポリシリコーン-9、EDTA-2Na、ヒアルロン酸Na,全成分はマツキヨココカラ掲載。画像URLも小売ページの画像。
アリィー クロノビューティ ミルクUV EX,カネボウ化粧品,ALLIE,SPF50+,PA++++,要確認,https://www.kanebo-cosmetics.jp/allie/product/item/item02/,https://www.cosme.com/products/detail.php?product_id=252976,ジメチコン、酸化亜鉛、酸化チタン、セバシン酸ジイソプロピル、トリエチルヘキサノイン、エタノール、メチルトリメチコン、タルク、BG、安息香酸アルキル(C12-15)、ステアリン酸、水、(アクリレーツ/メタクリル酸ポリトリメチルシロキシ)コポリマー、ポリシリコーン-15、水酸化Al、ポリグリセリル-3ポリジメチルシロキシエチルジメチコン、イソステアリン酸ソルビタン、炭酸ジカプリリル、トリエトキシカプリリルシラン、アルキル(C30-45)ジメチルシリルポリプロピルシルセスキオキサン、パルミチン酸デキストリン、ポリシリコーン-9、ヒアルロン酸Na,成分は@cosme SHOPPING掲載、現行性は公式ラインナップで確認。image_url要確認。
アリィー クロノビューティ ラスティングプライマーUV,カネボウ化粧品,ALLIE,SPF50,PA++++,要確認,https://www.kanebo-cosmetics.jp/allie/product/item/item18/,https://www.cosme.com/products/detail.php?product_id=321792,水、エタノール、酸化亜鉛、セバシン酸ジイソプロピル、安息香酸アルキル(C12-15)、ドロメトリゾールトリシロキサン、エチルヘキシルトリアゾン、グリセリン、ベヘニルアルコール、酸化チタン、ジカプリン酸ネオペンチルグリコール、ジエチルアミノヒドロキシベンゾイル安息香酸ヘキシル、水添レシチン、アルミナ、ジメチコン、(アクリル酸Na/アクリロイルジメチルタウリンNa)コポリマー、マイカ、ビスエチルヘキシルオキシフェノールメトキシフェニルトリアジン、BG、イソヘキサデカン、(アクリレーツ/メタクリル酸ポリトリメチルシロキシ)コポリマー、トリエトキシカプリリルシラン、シリカ、ポリソルベート80、キサンタンガム、香料、トリイソステアリン酸イソプロピルチタン、EDTA-2Na、ラウロイルアスパラギン酸Na、酸化スズ、塩化亜鉛、ヒアルロン酸Na、黄5、赤504,成分は@cosme SHOPPING掲載、現行性は公式ラインナップで確認。UV下地として対象に含めた。image_url要確認。
サンカット トーンアップUV エッセンス,コーセー,サンカット,SPF50+,PA++++,要確認,https://maison.kose.co.jp/site/suncut/g/gWMJJ/,https://maison.kose.co.jp/site/suncut/g/gWMJJ/,水・メトキシケイヒ酸エチルヘキシル・エタノール・ジフェニルシロキシフェニルトリメチコン・酸化亜鉛・ジ(カプリル酸/カプリン酸)PG・安息香酸アルキル(C12-15)・ビスエチルヘキシルオキシフェノールメトキシフェニルトリアジン・エチルヘキサン酸セチル・酸化チタン・ジエチルアミノヒドロキシベンゾイル安息香酸ヘキシル・ジカプリン酸PG・BG・DPG・グリセリン・アスコルビン酸硫酸2Na・アゼライン酸・ヒアルロン酸Na・ホホバ種子油・ユズ果実エキス・ライム果汁・レモン果実エキス・BHT・PEG-10水添ヒマシ油・PEG-80水添ヒマシ油・(アクリレーツ/メタクリル酸ベヘネス-25)コポリマー・(ジメチコン/フェニルビニルジメチコン)クロスポリマー・エチルヘキシルトリアゾン・キサンタンガム・シクロペンタシロキサン・シリカ・ステアリン酸イヌリン・トリエトキシカプリリルシラン・ポリヒドロキシステアリン酸・ラウロイルリシン・合成フルオロフロゴパイト・酸化スズ・水酸化Al・水酸化Na・フェノキシエタノール・メチルパラベン・香料・マイカ・青1・赤227,色違い統合の代表としてスノーホワイトブルー掲載。公式成分。image_url要確認。
サンカット パーフェクトUV エッセンス N,コーセー,サンカット,SPF50+,PA++++,要確認,https://maison.kose.co.jp/site/suncut/g/gWMWR/,https://maison.kose.co.jp/site/suncut/g/gWMWR/,水・エタノール・メトキシケイヒ酸エチルヘキシル・安息香酸アルキル(C12-15)・ジ(カプリル酸/カプリン酸)PG・エチルヘキシルトリアゾン・ビスエチルヘキシルオキシフェノールメトキシフェニルトリアジン・ジエチルアミノヒドロキシベンゾイル安息香酸ヘキシル・イソドデカン・DPG・カミツレ花エキス・セージ葉エキス・ヒアルロン酸Na・ホホバ種子油・加水分解コラーゲン・BG・BHT・PEG-10水添ヒマシ油・TEA・(アクリレーツ/アクリル酸アルキル(C10-30))クロスポリマー・(アクリレーツ/メタクリル酸ベヘネス-25)コポリマー・(ジメチコン/フェニルビニルジメチコン)クロスポリマー・カルボマー・キサンタンガム・シリカ・ジフェニルシロキシフェニルトリメチコン・ジメチコン・ジラウロイルグルタミン酸リシンNa・ステアリン酸イヌリン・ステアリン酸ポリグリセリル-10・トリメチルシロキシケイ酸・ポリシリコーン-15・ラウロイルグルタミン酸Na・ラウロイルリシン・フェノキシエタノール,120gページ採用。80gあり、サイズ違いは1商品扱い想定。image_url要確認。
サンカット パーフェクトUV ジェル N,コーセー,サンカット,SPF50+,PA++++,要確認,https://maison.kose.co.jp/site/suncut/g/gWMWQ/,https://maison.kose.co.jp/site/suncut/g/gWMWQ/,水・エタノール・メトキシケイヒ酸エチルヘキシル・安息香酸アルキル(C12-15)・ジ(カプリル酸/カプリン酸)PG・エチルヘキシルトリアゾン・ビスエチルヘキシルオキシフェノールメトキシフェニルトリアジン・ジエチルアミノヒドロキシベンゾイル安息香酸ヘキシル・BG・シリカ・イソドデカン・DPG・カミツレ花エキス・セージ葉エキス・ヒアルロン酸Na・ホホバ種子油・加水分解コラーゲン・BHT・PEG-10水添ヒマシ油・TEA・(アクリレーツ/アクリル酸アルキル(C10-30))クロスポリマー・(アクリレーツ/メタクリル酸ベヘネス-25)コポリマー・(アクリロイルジメチルタウリンアンモニウム/メタクリル酸ベヘネス-25)クロスポリマー・(ジメチコン/フェニルビニルジメチコン)クロスポリマー・カルボマー・キサンタンガム・ジフェニルシロキシフェニルトリメチコン・ステアリン酸イヌリン・ステアリン酸ポリグリセリル-10・トリメチルシロキシケイ酸・ポリシリコーン-15・ラウロイルグルタミン酸Na・フェノキシエタノール,120gページ採用。80gあり、サイズ違いは1商品扱い想定。image_url要確認。
サンカット プロテクトUV スティック,コーセー,サンカット,SPF50+,PA++++,要確認,https://maison.kose.co.jp/site/suncut/g/gWMJF/,https://maquia.hpplus.jp/cosme/173564/,ポリメチルシルセスキオキサン・イソノナン酸イソノニル・トリエチルヘキサノイン・ジメチコン・合成ワックス・メトキシケイヒ酸エチルヘキシル・(トリメチルペンタンジオール/アジピン酸/グリセリン)クロスポリマー・t-ブチルメトキシジベンゾイルメタン・(ジメチコン/ビニルジメチコン)クロスポリマー・ポリステアリン酸スクロース・カンゾウ根エキス・トコフェロール・ホホバ種子油・BG・BHT・アルミナ・シメチコン・ヒマワリ種子油不けん化物・ポリシリコーン-15,成分は公式、SPF/PAは信頼できる美容媒体でも確認。image_url要確認。
サンカット マルチビタミン トーンアップUV エッセンス,コーセー,サンカット,SPF50+,PA++++,要確認,https://maison.kose.co.jp/site/suncut/g/gWMJG/,https://maison.kose.co.jp/site/suncut/g/gWMJG/,水・エタノール・メトキシケイヒ酸エチルヘキシル・安息香酸アルキル(C12-15)・BG・ジ(カプリル酸/カプリン酸)PG・エチルヘキシルトリアゾン・ビスエチルヘキシルオキシフェノールメトキシフェニルトリアジン・ジエチルアミノヒドロキシベンゾイル安息香酸ヘキシル・シリカ・イソドデカン・DPG・サリチル酸エチルヘキシル・アサイヤシ果実エキス・グルタチオン・トコフェロール・ナイアシンアミド・パルミチン酸レチノール・パンテノール・ピリドキシンHCl・リン酸アスコルビルMg・酢酸トコフェロール・BHT・PEG-10水添ヒマシ油・TEA・(アクリレーツ/アクリル酸アルキル(C10-30))クロスポリマー・(アクリレーツ/メタクリル酸ベヘネス-25)コポリマー・(アクリロイルジメチルタウリンアンモニウム/メタクリル酸ベヘネス-25)クロスポリマー・(ジメチコン/フェニルビニルジメチコン)クロスポリマー・カルボマー・キサンタンガム・コーン油・ジフェニルシロキシフェニルトリメチコン・スクワラン・ステアリン酸イヌリン・ステアリン酸ポリグリセリル-10・トリメチルシロキシケイ酸・合成フルオロフロゴパイト・酸化スズ・香料・マイカ・酸化チタン・青1・赤227,色違い統合の代表としてクリアラベンダー掲載。公式成分。image_url要確認。
サンカット 無重力感UV エッセンス,コーセー,サンカット,SPF50+,PA++++,要確認,https://maison.kose.co.jp/site/suncut/g/gWMJC/,https://maison.kose.co.jp/site/suncut/g/gWMJC/,水・酸化亜鉛・BG・エチルヘキサン酸セチル・ジ(カプリル酸/カプリン酸)PG・ジメチコン・DPG・シリカ・カミツレ花エキス・セージ葉エキス・セリン・ヒアルロン酸Na・ホホバ種子油・加水分解コラーゲン・PEG-80水添ヒマシ油・(アクリル酸Na/アクリロイルジメチルタウリンNa)コポリマー・(アクリレーツ/メタクリル酸ベヘネス-25)コポリマー・(アクリロイルジメチルタウリンアンモニウム/メタクリル酸ベヘネス-25)クロスポリマー・イソヘキサデカン・オレイン酸ソルビタン・キサンタンガム・シロキクラゲ多糖体・セラミドNG・トリエトキシカプリリルシラン・ヒドロキシアパタイト・ポリソルベート80・ポリヒドロキシステアリン酸・ラウロイルグルタミン酸Na・水酸化Na・フェノキシエタノール・マイカ,公式成分。image_url要確認。
ニベアUV ウォーターエッセンスEX,ニベア花王,ニベアUV,SPF50+,PA++++,要確認,https://www.kao-kirei.com/ja/item/khg/nivea/4901301432315/,https://www.kao-kirei.com/ja/item/khg/nivea/4901301432315/,水、エタノール、メトキシケイヒ酸エチルヘキシル、PG、ジエチルアミノヒドロキシベンゾイル安息香酸ヘキシル、セバシン酸ジイソプロピル、パルミチン酸イソプロピル、エチルヘキシルトリアゾン、トレハロース、マンニトール、加水分解ヒアルロン酸、センチフォリアバラ花水、BG、ジステアリン酸ポリグリセリル-3メチルグルコース、ジラウラミドグルタミドリシンNa、ビスエチルヘキシルオキシフェノールメトキシフェニルトリアジン、(アクリレーツ/アクリル酸アルキル(C10-30))クロスポリマー、ヒドロキシプロピルメチルセルロースステアロキシエーテル、カプリリルメチコン、フェノキシエタノール、水酸化Na、BHT、香料,80gページ採用。image_url要確認。
ニベアUV ウォータージェルEX,ニベア花王,ニベアUV,SPF50+,PA++++,要確認,https://www.kao-kirei.com/ja/item/khg/nivea/4901301432322/,https://www.kao-kirei.com/ja/item/khg/nivea/4901301432322/,水、エタノール、メトキシケイヒ酸エチルヘキシル、PG、ジエチルアミノヒドロキシベンゾイル安息香酸ヘキシル、カプリリルメチコン、セバシン酸ジイソプロピル、パルミチン酸イソプロピル、エチルヘキシルトリアゾン、トレハロース、マンニトール、加水分解ヒアルロン酸、センチフォリアバラ花水、BG、ジステアリン酸ポリグリセリル-3メチルグルコース、ジラウラミドグルタミドリシンNa、ビスエチルヘキシルオキシフェノールメトキシフェニルトリアジン、(アクリレーツ/アクリル酸アルキル(C10-30))クロスポリマー、カルボマー、フェノキシエタノール、水酸化Na、BHT、香料,80gページ採用。関連商品にポンプ270gあり、サイズ違いは1商品扱い想定。image_url要確認。
ニベアUV ディープ プロテクト&ケア エッセンス,ニベア花王,ニベアUV,SPF50+,PA++++,要確認,https://www.kao-kirei.com/ja/item/khg/nivea/4901301390431/,https://www.kao-kirei.com/ja/item/khg/nivea/4901301390431/,水、メトキシケイヒ酸エチルヘキシル、エタノール、PG、カプリリルメチコン、ジエチルアミノヒドロキシベンゾイル安息香酸ヘキシル、セバシン酸ジイソプロピル、ミリスチン酸イソプロピル、トレハロース、トリベヘニン、ビスエチルヘキシルオキシフェノールメトキシフェニルトリアジン、エチルヘキシルトリアゾン、ポリシリコーン-15、スイカズラ花エキス、加水分解コンキオリンタンパク、チューベロース多糖体、ヒアルロン酸Na、BG、ホウケイ酸(Ca/Na)、酸化亜鉛、含水シリカ、ジメチルシリル化シリカ、ラウロイルグルタミン酸ジ(フィトステリル/オクチルドデシル)、(アクリレーツ/アクリル酸アルキル(C10-30))クロスポリマー、ラウロイルリシン、ヒドロキシプロピルメチルセルロースステアロキシエーテル、ジラウラミドグルタミドリシンNa、トリ(カプリル酸/カプリン酸)グリセリル、ジメチコン、酸化チタン、水酸化Al、フェノキシエタノール、水酸化Na、BHT、香料,公式成分。image_url要確認。
ニベアUV ディープ プロテクト&ケア ジェル,ニベア花王,ニベアUV,SPF50+,PA++++,要確認,https://www.kao-kirei.com/ja/item/khg/nivea/4901301390424/,https://www.kao-kirei.com/ja/item/khg/nivea/4901301390424/,水、エタノール、メトキシケイヒ酸エチルヘキシル、PG、カプリリルメチコン、ジエチルアミノヒドロキシベンゾイル安息香酸ヘキシル、セバシン酸ジイソプロピル、パルミチン酸イソプロピル、トレハロース、ビスエチルヘキシルオキシフェノールメトキシフェニルトリアジン、エチルヘキシルトリアゾン、ポリシリコーン-15、スイカズラ花エキス、加水分解コンキオリンタンパク、ダマスクバラ花水、ヒアルロン酸Na、BG、ホウケイ酸(Ca/Na)、酸化亜鉛、含水シリカ、ジメチルシリル化シリカ、(アクリレーツ/アクリル酸アルキル(C10-30))クロスポリマー、ラウロイルリシン、ヒドロキシプロピルメチルセルロースステアロキシエーテル、ジラウラミドグルタミドリシンNa、トリベヘニン、水酸化Al、フェノキシエタノール、水酸化Na、BHT、香料,公式成分。image_url要確認。
ニベアUV ディープ プロテクト&ケア トーンアップ エッセンス,ニベア花王,ニベアUV,SPF50+,PA++++,要確認,https://www.kao-kirei.com/ja/item/khg/nivea/4901301415363/,https://www.kao-kirei.com/ja/item/khg/nivea/4901301415363/,水、メトキシケイヒ酸エチルヘキシル、エタノール、PG、カプリリルメチコン、ジエチルアミノヒドロキシベンゾイル安息香酸ヘキシル、セバシン酸ジイソプロピル、ミリスチン酸イソプロピル、トレハロース、トリ(カプリル酸/カプリン酸)グリセリル、酸化チタン、ビスエチルヘキシルオキシフェノールメトキシフェニルトリアジン、エチルヘキシルトリアゾン、ポリシリコーン-15、スイカズラ花エキス、加水分解コンキオリンタンパク、エーデルワイス花/葉エキス、ヒアルロン酸Na、グリセリン、BG、ホウケイ酸(Ca/Na)、酸化亜鉛、含水シリカ、ジメチルシリル化シリカ、ラウロイルグルタミン酸ジ(フィトステリル/オクチルドデシル)、(アクリレーツ/アクリル酸アルキル(C10-30))クロスポリマー、ラウロイルリシン、ヒドロキシプロピルメチルセルロースステアロキシエーテル、ジラウラミドグルタミドリシンNa、トリベヘニン、ジメチコン、硫酸Ba、酸化鉄、水酸化Al、フェノキシエタノール、水酸化Na、BHT、香料、赤106、赤227,トーンアップ系UV。メイクアップ効果あり。公式成分。image_url要確認。
ニベアUV ディープ プロテクト&ケア ミルクミスト,ニベア花王,ニベアUV,SPF50+,PA++++,要確認,https://www.kao-kirei.com/ja/item/khg/nivea/4901301448422/,https://www.kao-kirei.com/ja/item/khg/nivea/4901301448422/,水、エタノール、メトキシケイヒ酸エチルヘキシル、カプリリルメチコン、ジエチルアミノヒドロキシベンゾイル安息香酸ヘキシル、PG、ビスエチルヘキシルオキシフェノールメトキシフェニルトリアジン、セバシン酸ジイソプロピル、エチルヘキシルトリアゾン、ミリスチン酸イソプロピル、ポリシリコーン-15、スイカズラ花エキス、加水分解コンキオリンタンパク、加水分解シルク、ヒアルロン酸Na、BG、ジェランガム、(アクリレーツ/アクリル酸アルキル(C10-30))クロスポリマー、ジラウラミドグルタミドリシンNa、ジステアリン酸ポリグリセリル-3メチルグルコース、フェノキシエタノール、水酸化Na、BHT、香料,ミストタイプ。公式成分。image_url要確認。
スキンアクア スーパーモイスチャーUVエッセンス,ロート製薬,スキンアクア,SPF50+,PA++++,要確認,https://www.shop.rohto.co.jp/category/skincare/skin-aqua/super-moisture/190874.html,https://www.shop.rohto.co.jp/category/skincare/skin-aqua/super-moisture/190874.html,水、BG、メトキシケイヒ酸エチルヘキシル、エタノール、イソノナン酸イソノニル、エチルヘキシルトリアゾン、ヒアルロン酸Na、加水分解ヒアルロン酸Na(超低分子ヒアルロン酸)、ヒアルロン酸ヒドロキシプロピルトリモニウム(肌吸着型ヒアルロン酸)、ビスエチルヘキシルオキシフェノールメトキシフェニルトリアジン、シリカ、プロパンジオール、メチレンビスベンゾトリアゾリルテトラメチルブチルフェノール、ジエチルアミノヒドロキシベンゾイル安息香酸ヘキシル、コハク酸ジエトキシエチル、ステアリン酸PEG-40、PG、(アクリレーツ/アクリル酸アルキル(C10-30))クロスポリマー、デシルグルコシド、カプリルヒドロキサム酸、TEA、ビスPEG-18メチルエーテルジメチルシラン、ポリシリコーン-13、EDTA-2Na、キサンタンガム、フェノキシエタノール,公式成分。image_url要確認。
スキンアクア スーパーモイスチャーUVジェル,ロート製薬,スキンアクア,SPF50+,PA++++,要確認,https://www.shop.rohto.co.jp/category/skincare/skin-aqua/super-moisture/190867.html,https://www.shop.rohto.co.jp/category/skincare/skin-aqua/super-moisture/190867.html,水、メトキシケイヒ酸エチルヘキシル、エタノール、BG、イソノナン酸イソノニル、ヒアルロン酸Na、加水分解ヒアルロン酸Na(超低分子ヒアルロン酸)、ヒアルロン酸ヒドロキシプロピルトリモニウム(肌吸着型ヒアルロン酸)、ビスエチルヘキシルオキシフェノールメトキシフェニルトリアジン、シリカ、ジエチルアミノヒドロキシベンゾイル安息香酸ヘキシル、コハク酸ジエトキシエチル、(アクリレーツ/アクリル酸アルキル(C10-30))クロスポリマー、ペンタイソステアリン酸ポリグリセリル-10、エチルヘキシルトリアゾン、TEA、ビスPEG-18メチルエーテルジメチルシラン、EDTA-2Na、キサンタンガム、フェノキシエタノール,140gポンプページ採用。110g/165gのサイズ違いあり、1商品扱い想定。image_url要確認。
スキンアクア スーパーモイスチャーバリアUVエッセンス,ロート製薬,スキンアクア,SPF50+,PA++++,要確認,https://www.shop.rohto.co.jp/category/skincare/skin-aqua/super-moisture-barrier/193660.html,https://www.shop.rohto.co.jp/category/skincare/skin-aqua/super-moisture-barrier/193660.html,水、メトキシケイヒ酸エチルヘキシル、エタノール、BG、コハク酸ジエチルヘキシル、シリカ、ビスエチルヘキシルオキシフェノールメトキシフェニルトリアジン、ジエチルアミノヒドロキシベンゾイル安息香酸ヘキシル、ヒオウギエキス、ヒアルロン酸Na、メチレンビスベンゾトリアゾリルテトラメチルブチルフェノール、トリエチルヘキサノイン、グリセリン、エチルヘキシルトリアゾン、ポリシリコーン-13、フェノキシエタノール、ステアリン酸PEG-40、(アクリレーツ/アクリル酸アルキル(C10-30))クロスポリマ-、TEA、ミリスチン酸ミリスチル、異性化糖、(アクリロイルジメチルタウリンアンモニウム/VP)コポリマ-、デシルグルコシド、コハク酸ジエトキシエチル、キサンタンガム、EDTA-2Na、PG、ビオサッカリドガム-4,公式成分。image_url要確認。
スキンアクア スーパーモイスチャーバリアUVジェル,ロート製薬,スキンアクア,SPF50+,PA++++,要確認,https://www.shop.rohto.co.jp/category/skincare/skin-aqua/super-moisture-barrier/193653.html,https://www.shop.rohto.co.jp/category/skincare/skin-aqua/super-moisture-barrier/193653.html,水、エタノール、メトキシケイヒ酸エチルヘキシル、BG、イソノナン酸イソノニル、グリセリン、ジエチルアミノヒドロキシベンゾイル安息香酸ヘキシル、コハク酸ジエチルヘキシル、ビスエチルヘキシルオキシフェノールメトキシフェニルトリアジン、ヒオウギエキス、ヒアルロン酸Na、シリカ、エチルヘキシルトリアゾン、ペンタイソステアリン酸ポリグリセリル-10、水添ポリイソブテン、(アクリレーツ/アクリル酸アルキル(C10-30))クロスポリマ-、ミリスチン酸ミリスチル、TEA、異性化糖、コハク酸ジエトキシエチル、EDTA-2Na、キサンタンガム、フェノキシエタノール、ビオサッカリドガム-4,公式成分。image_url要確認。
スキンアクア トーンアップUVエッセンス,ロート製薬,スキンアクア,SPF50+,PA++++,要確認,https://jp.rohto.com/skin-aqua/tone-up-essence_wh,https://www.matsukiyococokara-online.com/store/catalog/product/view/id/4987241202010,水、エタノール、メトキシケイヒ酸エチルヘキシル、パルミチン酸エチルヘキシル、BG、酸化チタン、ジエチルアミノヒドロキシベンゾイル安息香酸ヘキシル、シリカ、ビスPEG-18メチルエーテルジメチルシラン、ビスエチルヘキシルオキシフェノールメトキシフェニルトリアジン、ヒアルロン酸Na、リン酸アスコルビルMg、メチレンビスベンゾトリアゾリルテトラメチルブチルフェノール、PG、ステアリン酸PEG-40、アルギニン、アクリレーツ/アクリル酸アルキルC10-30クロスポリマー、アクリロイルジメチルタウリンアンモニウム/VPコポリマー、アクリレーツコポリマー、水添パーム油、ポリシリコーン-13、デシルグルコシド、合成フルオロフロゴパイト、アルミナ、酸化スズ、キサンタンガム、EDTA-2Na、TEA、香料,色違い統合。ホワイト代表で収録。成分はマツキヨココカラ掲載、現行性はロート公式で確認。image_url要確認。
スキンアクア ナチュラルベールUVエッセンス,ロート製薬,スキンアクア,SPF50+,PA++++,要確認,https://www.shop.rohto.co.jp/category/skincare/skin-aqua/natural/196463.html,https://www.shop.rohto.co.jp/category/skincare/skin-aqua/natural/196463.html,水、BG、酸化亜鉛、水添ポリイソブテン、酸化チタン、スクワラン、ヤシ油脂肪酸 BG、ミネラルオイル、トリエトキシカプリリルシラン、イソステアリン酸ポリグリセリル-10、セタノール、イソドデカン、水酸化AI、ビスPEG-18メチルエーテルジメチルシラン、アーチチョーク葉エキス、ヒアルロン酸Na、リン酸アスコルビルMg(ビタミンC誘導体)、乳酸桿菌/セイヨウナシ果汁発酵液、トコフェロール、メマツヨイグサ種子エキス、ワセリン、EDTA-2Na、カプリルヒドロキサム酸、キサンタンガム、ジメチコン、含水シリカ、アラビアゴム、プロパンジオール、酸化(AI/Ca/マンガン)、イソペンチルジオール、(ダイマージリノール酸/ステアリン酸/ヒドロキシステアリン酸)ポリグリセリル-10、ミリスチン酸ミリスチル、(アクリロイルジメチルタウリンアンモニウム/VP)コポリマー、合成フルオロフロゴパイト、マイカ、フェノキシエタノール,クリアホワイト代表ページで取得。ローズの色違いあり(色違いは1商品扱い想定、着色剤差分あり)。トーンアップ系UV。image_url要確認。
スキンアクア ヒアルロンセラムUV,ロート製薬,スキンアクア,SPF50+,PA++++,要確認,https://www.shop.rohto.co.jp/category/skincare/skin-aqua/196401.html,https://www.shop.rohto.co.jp/category/skincare/skin-aqua/196401.html,水、メトキシケイヒ酸エチルヘキシル、BG、イソノナン酸イソノニル、ジエチルアミノヒドロキシベンゾイル安息香酸ヘキシル、エチルヘキシルトリアゾン、ビスエチルヘキシルオキシフェノールメトキシフェニルトリアジン、ヒアルロン酸Na、加水分解ヒアルロン酸Na(超低分子ヒアルロン酸)、ヒアルロン酸ヒドロキシプロピルトリモニウム(肌吸着型ヒアルロン酸)、ペンチレングリコール、ジメチコン、プロパンジオール、カプリルヒドロキサム酸、シリカ、(アクリレーツ/アクリル酸アルキル(C10-30))クロスポリマー、ペンタイソステアリン酸ポリグリセリル-10、TEA、ビスPEG-18メチルエーテルジメチルシラン、EDTA-2Na、キサンタンガム、フェノキシエタノール,公式成分。image_url要確認。
UVイデア XL プロテクショントーンアップ ローズ+,日本ロレアル,ラ ロッシュ ポゼ,SPF50+,PA++++,https://www.laroche-posay.jp/dw/image/v2/BCKQ_PRD/on/demandware.static/-/Sites-acd-laroche-posay-master-catalog/ja_JP/dw55595a5d/product/LRPJP-UVI-004/3337875913188/FG_3337875913188_01_EBTQ_2602.jpg?q=70&sfrm=jpg&sh=340&sm=cut&sw=340,https://www.laroche-posay.jp/product/uv/toneup/uvidea-xl-protection-tone-up/LRPJP-UVI-004.html,https://www.cosme.net/products/10265318/,水、ミリスチン酸イソプロピル、グリセリン、酸化チタン、エチルヘキシルトリアゾン、変性アルコール、プロパンジオール、TEA、ビスエチルヘキシルオキシフェノールメトキシフェニルトリアジン、t-ブチルメトキシジベンゾイルメタン、テレフタリリデンジカンフルスルホン酸、マイカ、フェニルベンズイミダゾールスルホン酸、ステアリン酸、ペンチレングリコール、シリカ、セチルリン酸K、硫酸Ba、パルミチン酸、ステアリン酸グリセリル、ステアリン酸PEG-100、セタノール、トコフェロール、ドロメトリゾールトリシロキサン、ヒドロキシアセトフェノン、ジエチルアミノヒドロキシベンゾイル安息香酸ヘキシル、水酸化Al、カルボマー、ココイルサルコシンNa、カプリロイルサリチル酸、カプリリルグリコール、トロメタミン、アスコルビルグルコシド、(アクリルアミド/アクリロイルジメチルタウリンNa)コポリマー、エチレンジアミンジコハク酸3Na、イソヘキサデカン、キサンタンガム、ミリスチン酸、ダイズ油、スクレロチウムガム、レシチン、ポリソルベート80、プルラン、酸化鉄、オレイン酸ソルビタン、クエン酸、塩化Na,全成分はCosmetic-Info掲載。画像URLは公式商品画像。
アンテリオス UV リペア,日本ロレアル,ラ ロッシュ ポゼ,SPF50+,PA++++,要確認,https://www.laroche-posay.jp/product/bodycare/body-uv/anthelios-uv-repair/LRPJP-ANT-005.html,https://www.laroche-posay.jp/product/bodycare/body-uv/anthelios-uv-repair/LRPJP-ANT-005.html,水、炭酸ジカプリリル、ジメチコン、フェニルベンズイミダゾールスルホン酸、プロパンジオール、ビスエチルヘキシルオキシフェノールメトキシフェニルトリアジン、エチルヘキシルトリアゾン、t-ブチルメトキシジベンゾイルメタン、メチレンビスベンゾトリアゾリルテトラメチルブチルフェノール、シリカ、ジエチルアミノヒドロキシベンゾイル安息香酸ヘキシル、セテアリルアルコール、(アクリル酸ヒドロキシエチル/アクリロイルジメチルタウリンNa)コポリマー、ナイアシンアミド、ドロメトリゾールトリシロキサン、ラウロイルリシン、フェノキシエタノール、パンテノール、ヒドロキシアセトフェノン、水酸化Na、ラウリン酸ポリグリセリル-10、ステアロイルグルタミン酸Na、BG、セテアリルグルコシド、トコフェロール、PCA-Ca、セルロース、グリセリン、ビサボロール、グルコン酸亜鉛、エチレンジアミンジコハク酸3Na、ペンチレングリコール、キサンタンガム、ラウリルカルバミン酸イヌリン、イソステアリン酸ソルビタン、ポリソルベート60、ダイズ油、セイヨウハッカエキス、グルコン酸Mg、クエン酸,公式成分。UV乳液。image_url要確認。
アンテリオス UVプロテクションミスト,日本ロレアル,ラ ロッシュ ポゼ,SPF50+,PA++++,要確認,https://www.laroche-posay.jp/product/uv/uv-mist/anthelios-uv-protection-mist/3337875694506.html,https://www.laroche-posay.jp/product/uv/uv-mist/anthelios-uv-protection-mist/3337875694506.html,ブタン、水、ホモサレート、ジメチコン、オクトクリレン、グリセリン、サリチル酸エチルヘキシル、炭酸ジカプリリル、ナイロン-12、セバシン酸ジイソプロピル、t-ブチルメトキシジベンゾイルメタン、(スチレン/アクリレーツ)コポリマー、ドロメトリゾールトリシロキサン、メタクリル酸メチルクロスポリマー、ポリリシノレイン酸ポリグリセリル-6、PG、ペンチレングリコール、PEG-32、エチルヘキシルトリアゾン、フェノキシエタノール、トコフェロール、塩化Na、カプリリルグリコール、ラウリン酸PEG-8、ハチミツ、カルノシン、香料、p-アニス酸、ポリアクリル酸アルキル(C10-30)、EDTA-2Na、サッカリンNa、ドデシルベンゼンスルホン酸Na、シリル化シリカ,公式成分。image_url要確認。
ミノンUVマイルドミルク,第一三共ヘルスケア,ミノン,SPF50+,PA++++,要確認,https://www.daiichisankyo-hc.co.jp/site_minon-body/product/ds-uv.html,https://www.daiichisankyo-hc.co.jp/site_minon-body/product/ds-uv.html,"グリチルリチン酸2K、デカメチルシクロペンタシロキサン、低温焼成酸化亜鉛、パルミチン酸2-エチルヘキシル、微粒子酸化チタン、1,3-ブチレングリコール、メチルシロキサン網状重合体、リンゴ酸ジイソステアリル、グリセリルグルコシド液、メチルポリシロキサン、ポリヒドロキシステアリン酸、オクテニルコハク酸トウモロコシデンプンエステルアルミニウム、ポリオキシエチレン・メチルポリシロキサン共重合体、メチルハイドロジェンポリシロキサン、セスキイソステアリン酸ソルビタン、水酸化アルミニウム、架橋型メチルポリシロキサン、ラウロイルグルタミン酸ジ(コレステリル・ベヘニル・オクチルドデシル)、フェノキシエタノール、セスキオレイン酸ソルビタン、含水ケイ酸、グリコーゲン、コレステロール",公式成分。医薬部外品。image_url要確認。
ミノン アミノモイスト バランシングベース UV,第一三共ヘルスケア,ミノン アミノモイスト,SPF30,PA+++,要確認,https://www.daiichisankyo-hc.co.jp/site_minon-aminomoist/products/bu.html,https://www.daiichisankyo-hc.co.jp/site_minon-aminomoist/products/bu.html,水、シクロペンタシロキサン、酸化チタン、BG、トリエチルヘキサノイン、パルミチン酸エチルヘキシル、PEG-9ポリジメチルシロキシエチルジメチコン、ジメチコン、ジフェニルシロキシフェニルトリメチコン、(ビニルジメチコン/メチコンシルセスキオキサン)クロスポリマー、プロパンジオール、ジステアルジモニウムヘクトライト、セチルPEG/PPG-10/1ジメチコン、シア脂油、塩化Na、マイカ、水酸化Al、ステアリン酸、(ジメチコン/ビニルジメチコン)クロスポリマー、フェノキシエタノール、トリポリヒドロキシステアリン酸ジペンタエリスリチル、クエン酸Na、アスパラギン酸、アミノカプロン酸、トコフェロール、ラウロイルグルタミン酸ジ(フィトステリル/オクチルドデシル)、グリチルレチン酸ステアリル、トリエトキシカプリリルシラン、ポリメタクリル酸メチル、ソメイヨシノ葉エキス、キウイエキス、ロイシン、グリセリン、PCA-Na、乳酸Na、アルギニン、ポリクオタニウム-61、PCA、グリシン、アラニン、水添レシチン、セリン、ラウリン酸ポリグリセリル-10、バリン、プロリン、トレオニン、イソロイシン、ヒスチジン、フェニルアラニン、タルク、酸化鉄,公式成分。UV下地として対象に含めた。image_url要確認。
ミノン アミノモイスト ブライトアップベース UV,第一三共ヘルスケア,ミノン アミノモイスト,SPF50+,PA++++,要確認,https://www.daiichisankyo-hc.co.jp/site_minon-aminomoist/products/ub.html,https://www.daiichisankyo-hc.co.jp/site_minon-aminomoist/products/ub.html,水、ジメチコン、イソドデカン、ジフェニルシロキシフェニルトリメチコン、BG、カプリリルメチコン、グリセリン、PEG-9ポリジメチルシロキシエチルジメチコン、プロパンジオール、ミリスチン酸オクチルドデシル、トリエチルヘキサノイン、セチルPEG/PPG-10/1ジメチコン、ジステアルジモニウムヘクトライト、水酸化Al、ステアリン酸、バリン、トレオニン、セリン、ロイシン、プロリン、ヒスチジン、グリシン、アラニン、アルギニン、ラウロイルグルタミン酸ジ(フィトステリル/オクチルドデシル)、ポリクオタニウム-61、リシンHCl、カルノシン、グルコシルルチン、ホスホリルオリゴ糖Ca、グリセリルグルコシド、グルコシルヘスペリジン、マイカ、グリチルリチン酸2K、ラウロイルリシン、塩化Na、シリカ、トリメチルシロキシケイ酸、合成金雲母、メチコン、トコフェロール、トリエトキシカプリリルシラン、ハイドロゲンジメチコン、ビオサッカリドガム-1、タウリン、ヒスチジンHCl、グルタミン酸、アラントイン、イソロイシン、フェニルアラニン、フェノキシエタノール、酸化チタン、酸化鉄,公式成分。UV下地として対象に含めた。image_url要確認。
キュレル UVカット デイバリアUVローション,花王,キュレル,SPF50+,PA+++,要確認,https://www.kao-kirei.com/ja/item/kbb/curel/4901301274434/,https://www.kao-kirei.com/ja/item/kbb/curel/4901301274434/,グリチルレチン酸ステアリル*、ジメチコン、低温焼成酸化Zn、微粒子酸化Ti、BG、流動イソパラフィン、トリシロキサン、軽質流動イソパラフィン、シュガースクワラン、アスナロエキス、シリコン被覆タルク、水、ジカプリン酸ネオペンチルグリコール、POE・ジメチコン共重合体、DPG、ヘキサデシロキシPGヒドロキシエチルヘキサデカナミド、水酸化Al、ステアリン酸、メチルハイドロジェンポリシロキシサン、グリセリン、ユーカリエキス、パルミチン酸デキストリン、ワセリン、PEG1540、架橋型ジメチコン、ステアリン酸POEソルビタン *は「有効成分」無表示は「その他の成分」,医薬部外品。公式成分。image_url要確認。
キュレル 潤浸保湿 UVエッセンス,花王,キュレル,SPF30,PA++,要確認,https://www.kao-kirei.com/ja/item/kbb/curel/4901301413505/,https://www.kao-kirei.com/ja/item/kbb/curel/4901301413505/,グリチルリチン酸ジカリウム*、水、微粒子酸化Ti、BG、軽質流動イソパラフィン、イソノナン酸イソノニル、アスナロエキス、イソノナン酸イソトリデシル、ジカプリン酸ネオペンチルグリコール、DPG、トリオクタン酸グリセリル、ジ2-エチルヘキサン酸ネオペンチルグリコール、トリシロキサン、ステアリン酸POEソルビタン、アクリル酸ナトリウム・アクリロイルジメチルタウリン酸ナトリウム共重合体/イソヘキサデカン/ポリソルベート80、ヘキサデシロキシPGヒドロキシエチルヘキサデカナミド、水酸化Al、ステアリン酸、パルミチン酸デキストリン、トリポリヒドロキシステアリン酸ジペンタエリスリチル、ジイソステアリン酸ポリグリセリル、ユーカリエキス、水酸化カリウム液(A)、ジステアリン酸ソルビタン、セタノール、アクリル酸・メタクリル酸アルキル共重合体、ステアリルアルコール、アミノヒドロキシメチルプロパンジオール、キシリトール、ベタイン、ポリオキシステアリン酸、オレイン酸ソルビタン、エデト酸塩、キサンタンガム、フェノキシエタノール *は「有効成分」無表示は「その他の成分」,公式成分。現行の潤浸保湿シリーズを採用。image_url要確認。
キュレル 潤浸保湿 UVローション,花王,キュレル,SPF50+,PA+++,要確認,https://www.kao-kirei.com/ja/item/kbb/curel/4901301413666/,https://www.kao-kirei.com/ja/item/kbb/curel/4901301413666/,グリチルリチン酸ジカリウム*、低温焼成酸化Zn、ジメチコン、流動イソパラフィン、水、BG、微粒子酸化Ti、トリシロキサン、DPG、アスナロエキス、ジカプリン酸ネオペンチルグリコール、POE・ジメチコン共重合体、無水ケイ酸、PEG1540、ヘキサデシロキシPGヒドロキシエチルヘキサデカナミド、濃グリセリン、水酸化Al、ステアリン酸、ユーカリエキス、パルミチン酸デキストリン、POEイソセチルエーテル、架橋型ジメチコン、キシリトール、ベタイン、ステアリン酸POEソルビタン、キサンタンガム *は「有効成分」無表示は「その他の成分」,公式成分。現行の潤浸保湿シリーズを採用。image_url要確認。
キュレル 潤浸保湿 色づくベースミルク 湯あがりピンク,花王,キュレル,SPF24,PA++,要確認,https://www.kao-kirei.com/ja/item/kbb/curel/4901301439918/,https://www.kao-kirei.com/ja/item/kbb/curel/4901301439918/,ジメチコン、水、グリセリン、スクワラン、水添ポリイソブテン、セチルPGヒドロキシエチルパルミタミド、ジフェニルシロキシフェニルトリメチコン、アスナロ枝エキス、ユーカリ葉エキス、BG、PEG-12ジメチコン、硫酸Mg、パルミチン酸デキストリン、トリポリヒドロキシステアリン酸ジペンタエリスリチル、グリセリルウンデシルジメチコン、ポリヒドロキシステアリン酸、ポリシリコーン-9、フェノキシエタノール、メチルパラベン、タルク、酸化亜鉛、含水シリカ、トリエトキシカプリリルシラン、ハイドロゲンジメチコン、酸化チタン、酸化鉄、水酸化Al,公式成分。色つきUV下地として対象に含めた。image_url要確認。
ビオレ UV アクアリッチ アクアハイライトローション,花王,ビオレUV,SPF50+,PA++++,要確認,https://www.kao-kirei.com/ja/item/khg/bioresarasarauv/4901301433886/,https://www.kao-kirei.com/ja/item/khg/bioresarasarauv/4901301433886/,水、エタノール、メトキシケイヒ酸エチルヘキシル、グリセリン、酸化チタン、エチルヘキシルトリアゾン、シリカ、ジエチルアミノヒドロキシベンゾイル安息香酸ヘキシル、マイカ、ステアリン酸グリセリル、ビスエチルヘキシルオキシフェノールメトキシフェニルトリアジン、パルミチン酸デキストリン、安息香酸アルキル(C12-15)、カンテン、セタノール、水酸化Al、ステアリルアルコール、AMP、ステアロキシPGヒドロキシエチルセルローススルホン酸Na、グルタミン酸、ローカストビーンガム、ステアロイルメチルタウリンNa、マルトース、ステアリン酸、酸化スズ、ポリビニルアルコール、(アクリレーツ/アクリル酸アルキル(C10-30))クロスポリマー、ポリシリコーン-9、水酸化Na、ローヤルゼリーエキス、ヒアルロン酸Na、フェノキシエタノール、EDTA-2Na、BHT、香料,公式成分。メイクアップ効果あり。image_url要確認。
ビオレ UV アクアリッチ アクアプロテクトミスト,花王,ビオレUV,SPF50,PA++++,要確認,https://www.kao-kirei.com/ja/item/khg/bioresarasarauv/4901301416438/,https://www.cosme.com/products/detail.php?product_id=285134,エタノール、メトキシケイヒ酸エチルヘキシル、ジメチコン、イソノナン酸イソノニル、安息香酸アルキル(C12-15)、ジエチルアミノヒドロキシベンゾイル安息香酸ヘキシル、エチルヘキシルトリアゾン、ポリシリコーン-15、トリメチルシロキシケイ酸、(アクリレーツ/ジアセトンアクリルアミド)コポリマー、ジブチルエチルヘキサノイルグルタミド、ポリシリコーン-9、ビスエチルヘキシルオキシフェノールメトキシフェニルトリアジン、スクワラン、BHT、香料,ミストタイプ。成分は@cosme SHOPPING掲載、現行性は花王公式で確認。image_url要確認。
ビオレ UV アクアリッチ アクアプロテクトローション,花王,ビオレUV,SPF50+,PA++++,要確認,https://www.kao-kirei.com/ja/item/khg/bioresarasarauv/4901301406866/,https://www.kao-kirei.com/ja/item/khg/bioresarasarauv/4901301406866/,水、エタノール、メトキシケイヒ酸エチルヘキシル、グリセリン、エチルヘキシルトリアゾン、シリカ、ジエチルアミノヒドロキシベンゾイル安息香酸ヘキシル、ステアリン酸グリセリル、ビスエチルヘキシルオキシフェノールメトキシフェニルトリアジン、パルミチン酸デキストリン、カンテン、セルロース、ポリビニルアルコール、(アクリレーツ/アクリル酸アルキル(C10-30))クロスポリマー、ポリシリコーン-9、水酸化Na、ローヤルゼリーエキス、ヒアルロン酸Na、フェノキシエタノール、EDTA-2Na、BHT、香料,公式成分。image_url要確認。
ビオレ UV アクアリッチ ウォータリーエッセンス,花王,ビオレUV,SPF50+,PA++++,https://kao-h.assetsadobe3.com/is/image/content/dam/sites/kao/www-kao-kirei-com/jp/ja/item/khg/bioresarasarauv/25501404/GG01.jpg,https://www.kao-kirei.com/ja/item/khg/bioresarasarauv/4901301413246/,https://www.cosme.net/products/10273531/,水、エタノール、メトキシケイヒ酸エチルヘキシル、エチルヘキシルトリアゾン、パルミチン酸イソプロピル、(メタクリル酸ラウリル/メタクリル酸Na)クロスポリマー、ジエチルアミノヒドロキシベンゾイル安息香酸ヘキシル、水添ポリイソブテン、ビスエチルヘキシルオキシフェノールメトキシフェニルトリアジン、パルミチン酸デキストリン、BG、キシリトール、(アクリレーツ/アクリル酸アルキル(C10-30))クロスポリマー、ジメチコン、安息香酸アルキル(C12-15)、グリセリン、ステアリン酸グリセリル、プロパンジオール、ベヘン酸グリセリル、(ビニルジメチコン/メチコンシルセスキオキサン)クロスポリマー、セタノール、カンテン、ジステアリン酸ソルビタン、イソセテス-20、ポリビニルアルコール、(ジメチコン/ビニルジメチコン)クロスポリマー、ステアロイルグルタミン酸、アルギニン、水酸化K、水酸化Na、ローヤルゼリーエキス、ヒアルロン酸Na、フェノキシエタノール、EDTA-2Na、BHT、香料,全成分は花王公式。画像URLは公式商品画像。
ビオレ UV アクアリッチ ウォータリージェル,花王,ビオレUV,SPF50+,PA++++,要確認,https://www.kao-kirei.com/ja/item/khg/bioresarasarauv/4901301413253/,https://www.kao-kirei.com/ja/item/khg/bioresarasarauv/4901301413253/,水、エタノール、メトキシケイヒ酸エチルヘキシル、(メタクリル酸ラウリル/メタクリル酸Na)クロスポリマー、エチルヘキシルトリアゾン、ジメチコン、安息香酸アルキル(C12-15)、酸化チタン、ジエチルアミノヒドロキシベンゾイル安息香酸ヘキシル、ビスエチルヘキシルオキシフェノールメトキシフェニルトリアジン、(ジメチコン/ビニルジメチコン)クロスポリマー、BG、キシリトール、パルミチン酸デキストリン、DPG、含水シリカ、ヒドロキシエチルセルロース、グリセリン、ステアリン酸グリセリル、セタノール、ポリメチルシルセスキオキサン、(ビニルジメチコン/メチコンシルセスキオキサン)クロスポリマー、トリエトキシカプリリルシラン、プロパンジオール、(アクリレーツ/アクリル酸アルキル(C10-30))クロスポリマー、ベヘン酸グリセリル、ポリソルベート60、水酸化Al、水酸化K、ステアリン酸、ステアリルアルコール、ジステアリン酸ソルビタン、カンテン、ポリビニルアルコール、イソセテス-20、ステアロイルメチルタウリンNa、ステアロイルグルタミン酸、AMP、ステアロキシPGヒドロキシエチルセルローススルホン酸Na、アルギニン、グルタミン酸、ローカストビーンガム、マルトース、ヒアルロン酸Na、ローヤルゼリーエキス、フェノキシエタノール、EDTA-2Na、BHT、香料,公式成分。image_url要確認。
ビオレ UV アクアリッチ ウォータリーホールドクリーム,花王,ビオレUV,SPF50,PA+++,https://kao-h.assetsadobe3.com/is/image/content/dam/sites/kao/www-kao-kirei-com/jp/ja/item/khg/bioresarasarauv/25327000/GG01.jpg,https://www.kao-kirei.com/ja/item/khg/bioresarasarauv/4901301450883/,https://www.cosme.net/products/10266278/,水、トリ(カプリル酸/カプリン酸)グリセリル、酸化チタン、BG、イソヘキサデカン、イソノナン酸イソノニル、イソノナン酸イソトリデシル、ジカプリン酸ネオペンチルグリコール、プロパンジオール、トリエチルヘキサノイン、ジエチルヘキサン酸ネオペンチルグリコール、水酸化Al、ステアリン酸、ポリソルベート60、セタノール、ベヘン酸グリセリル、ジステアリン酸ソルビタン、水添ポリイソブテン、ステアロイルメチルタウリンNa、(アクリル酸ヒドロキシエチル/アクリロイルジメチルタウリンNa)コポリマー、トリポリヒドロキシステアリン酸ジペンタエリスリチル、ジイソステアリン酸ポリグリセリル-2、ステアロイルグルタミン酸、(アクリル酸Na/アクリロイルジメチルタウリンNa)コポリマー、アルギニン、ステアリルアルコール、ポリヒドロキシステアリン酸、EDTA-2Na、トロメタミン、パルミチン酸デキストリン、ポリソルベート80、水酸化K、シア脂、フェノキシエタノール、デヒドロ酢酸Na、キサンタンガム、香料,全成分は花王公式。ノンケミカル(紫外線吸収剤フリー)表記あり。
ビオレ UV アクアリッチ エアリーホールドクリーム,花王,ビオレUV,SPF50+,PA++++,要確認,https://www.kao-kirei.com/ja/item/khg/bioresarasarauv/4901301463593/,https://www.kao-kirei.com/ja/item/khg/bioresarasarauv/4901301463593/,水、メトキシケイヒ酸エチルヘキシル、エタノール、BG、エチルヘキシルトリアゾン、シリカ、ジエチルアミノヒドロキシベンゾイル安息香酸ヘキシル、セバシン酸ジイソプロピル、ステアリン酸グリセリル、PEG-75、ケイ酸(Na/K/Al)、ビスエチルヘキシルオキシフェノールメトキシフェニルトリアジン、酸化チタン、パルミチン酸デキストリン、ジメチコン、安息香酸アルキル(C12-15)、カンテン、アクリル酸Naグラフトデンプン、ポリアクリロイルジメチルタウリンNa、セタノール、グリセリン、EDTA-2Na、水酸化Al、ステアリン酸、ステアリルアルコール、ポリシリコーン-9、プロパンジオール、ベヘン酸グリセリル、ポリビニルアルコール、(アクリレーツ/アクリル酸アルキル(C10-30))クロスポリマー、水酸化Na、ジステアリン酸ソルビタン、AMP、ステアロキシPGヒドロキシエチルセルローススルホン酸Na、グルタミン酸、ステアロイルグルタミン酸、ローカストビーンガム、ステアロイルメチルタウリンNa、アルギニン、マルトース、アスコルビルグルコシド、ヒアルロン酸Na、BHT、フェノキシエタノール、香料,公式成分。image_url要確認。2026年版で収録。2025年限定発売の旧ページと混同しないよう現行ページ採用。
ビオレ UV アクアリッチ ライトアップエッセンス,花王,ビオレUV,SPF50+,PA++++,要確認,https://www.kao-kirei.com/ja/item/khg/bioresarasarauv/4901301390820/,https://www.kao-kirei.com/ja/item/khg/bioresarasarauv/4901301390820/,水、メトキシケイヒ酸エチルヘキシル、エタノール、BG、パルミチン酸イソプロピル、酸化チタン、ビスエチルヘキシルオキシフェノールメトキシフェニルトリアジン、エチルヘキシルトリアゾン、ジメチコン、(メタクリル酸ラウリル/メタクリル酸Na)クロスポリマー、水添ポリイソブテン、ジエチルアミノヒドロキシベンゾイル安息香酸ヘキシル、シリカ、含水シリカ、マイカ、パルミチン酸デキストリン、トリポリヒドロキシステアリン酸ジペンタエリスリチル、(アクリレーツ/アクリル酸アルキル(C10-30))クロスポリマー、トリエトキシカプリリルシラン、セタノール、ステアリン酸グリセリル、ヒドロキシエチルセルロース、ポリソルベート60、ポリシリコーン-9、水酸化Al、水酸化K、ローヤルゼリーエキス、ヒアルロン酸Na、酸化スズ、フェノキシエタノール、メチルパラベン、EDTA-2Na、BHT、香料,公式成分。トーンアップ系UV。image_url要確認。
ビオレ UV アスリズム プロテクトエッセンス,花王,ビオレUV,SPF50+,PA++++,要確認,https://www.kao-kirei.com/ja/item/khg/bioresarasarauv/4901301431073/,https://www.kao-kirei.com/ja/item/khg/bioresarasarauv/4901301431073/,水、酸化亜鉛、セバシン酸ジイソプロピル、エタノール、シリカ、サリチル酸エチルヘキシル、BG、エチルヘキシルトリアゾン、ジエチルアミノヒドロキシベンゾイル安息香酸ヘキシル、ジカプリン酸ネオペンチルグリコール、安息香酸アルキル(C12-15)、(アクリル酸Na/アクリロイルジメチルタウリンNa)コポリマー、トリエトキシカプリリルシラン、パルミチン酸デキストリン、ビスエチルヘキシルオキシフェノールメトキシフェニルトリアジン、イソヘキサデカン、ポリソルベート80、ジメチコン、ポリシリコーン-9、ヒアルロン酸Na、ユーカリ葉エキス、EDTA-2Na、香料,公式成分。image_url要確認。
ビオレ UV キッズ ピュアミルク,花王,ビオレUV,SPF50+,PA+++,要確認,https://www.kao-kirei.com/ja/item/khg/bioresarasarauv/4901301378453/,https://www.biccamera.com/bc/item/7714903/,シクロペンタシロキサン、酸化亜鉛、水添ポリイソブテン、BG、酸化チタン、ジメチコン、安息香酸アルキル(C12-15)、ジカプリン酸ネオペンチルグリコール、ステアリン酸、ジポリヒドロキシステアリン酸PEG-30、水酸化Al、トリエトキシカプリリルシラン、アルキル(C30-45)ジメチルシリルポリプロピルシルセスキオキサン、水、DPG、イソステアリン酸ソルビタン、グリセリン、シア脂,成分は公式、PAは信頼できる小売掲載で補完。image_url要確認。
ダブルプロテクション デイシールド n,資生堂,BAUM,SPF50+,PA++++,要確認,https://www.shiseido.co.jp/sw/onlinestore/products/H61401.html,https://www.shiseido.co.jp/sw/onlinestore/products/H61401.html,"酸化亜鉛,トリ(カプリル酸/カプリン酸)グリセリル,スクワラン,シリカ,酸化チタン,ウンデカン,イソドデカン,パルミチン酸エチルヘキシル,ポリリシノレイン酸ポリグリセリル-6,トリデカン,パルミチン酸デキストリン,水酸化Al,ステアリン酸,グリセリン,DPG,ミリスチン酸ミリスチル,アルガニアスピノサ核油,ホホバ種子油,サクラ葉エキス,イチョウ葉エキス,ヨーロッパブナ芽エキス,メタケイ酸アルミン酸Mg,結晶セルロース,ポリヒドロキシステアリン酸,ジステアルジモニウムヘクトライト,水,BG,トコフェロール,BHT,ピロ亜硫酸Na,フトモモ葉エキス,セルロース,フェノキシエタノール,香料",2025/02/27発売のn版。公式成分。
アーバン トリプル ビューティ サンケア エマルジョン,資生堂,SHISEIDO,SPF50+,PA++++,要確認,https://www.shiseido.co.jp/sw/c/products/SWFG070410.seam?shohin_pl_c_cd=G17701,https://www.shiseido.co.jp/sw/c/products/SWFG070410.seam?shohin_pl_c_cd=G17701,"トリシロキサン,酸化亜鉛,セバシン酸ジイソプロピル,水,シリカ,オクトクリレン,エタノール,安息香酸アルキル(C12-15),ポリシリコーン-15,ジメチコン,グリセリン,コハク酸ジエチルヘキシル,PEG/PPG-14/7ジメチルエーテル,ジエチルアミノヒドロキシベンゾイル安息香酸ヘキシル,ジピバリン酸PPG-3,酸化チタン,PEG-9ポリジメチルシロキシエチルジメチコン,パルミチン酸デキストリン,トレハロース,ビスブチルジメチコンポリグリセリル-3,エチルヘキサン酸セチル,トリ酢酸テトラステアリン酸スクロース,ビスエチルヘキシルオキシフェノールメトキシフェニルトリアジン,テトラヘキシルデカン酸アスコルビル,グリチルリチン酸2K,チオタウリン,オウゴン根エキス,シャクヤク根エキス,ヒアルロン酸Na,ワレモコウエキス,チャ葉エキス,オノニスエキス,ウコン根茎エキス,シソ葉エキス,スピルリナプラテンシスエキス,PEG-10ジメチコン,トリエトキシカプリリルシラン,エチルヘキシルトリアゾン,BG,ジステアルジモニウムヘクトライト,水酸化Al,ステアリン酸,EDTA-3Na,トコフェロール,BHT,ピロ亜硫酸Na,メントキシプロパンジオール,フトモモ葉エキス,クエン酸Na,安息香酸,香料,合成金雲母,硫酸Ba",都市環境向けのUV乳液。公式成分。
パーフェクト サン プロテクター スティック,資生堂,SHISEIDO,SPF50+,PA++++,要確認,https://brand.shiseido.co.jp/shiseido-perfect-sun-protector-stick-4514254206171.html,https://www.cosme.net/products/10267299/,"ジフェニルシロキシフェニルトリメチコン,ミネラルオイル,オクトクリレン,ヒドロキシステアリン酸,トリエチルヘキサノイン,メタクリル酸メチルクロスポリマー,PEG/PPG-9/2ジメチルエーテル,サリチル酸エチルヘキシル,水添ポリデセン,安息香酸アルキル(C12-15),t-ブチルメトキシジベンゾイルメタン,ジエチルアミノヒドロキシベンゾイル安息香酸ヘキシル,セバシン酸ジイソプロピル,ジブチルラウロイルグルタミド,ビスエチルヘキシルオキシフェノールメトキシフェニルトリアジン,ポリアミド-8,トリイソステアリン,ジメチルシリル化シリカ,アルガニアスピノサ核油,PEG/PPG-14/7ジメチルエーテル,酢酸トコフェロール,レシチン,甘草フラボノイド,トコフェロール,BHT,シメチコン,PEG-6,テトラ(ジ-t-ブチルヒドロキシヒドロケイヒ酸)ペンタエリスリチル,シリカ,香料",2025/03/01発売。成分は@cosme掲載の全成分を採用。
パーフェクト サン プロテクター スプレー,資生堂,SHISEIDO,SPF50+,PA++++,要確認,https://www.shiseido.co.jp/sw/products/SWFG070410.seam?shohin_pl_c_cd=H60901,https://www.shiseido.co.jp/sw/products/SWFG070410.seam?shohin_pl_c_cd=H60901,"エタノール,テトラエチルヘキサン酸ペンタエリスリチル,セバシン酸ジイソプロピル,トリイソステアリン,オクトクリレン,ポリシリコーン-15,サリチル酸エチルヘキシル,安息香酸アルキル(C12-15),安息香酸フェネチル,カプリリルメチコン,ジエチルアミノヒドロキシベンゾイル安息香酸ヘキシル,t-ブチルメトキシジベンゾイルメタン,エチルヘキシルトリアゾン,PEG/PPG-9/2ジメチルエーテル,ビスエチルヘキシルオキシフェノールメトキシフェニルトリアジン,(アクリレーツ/オクチルアクリルアミド)コポリマー,ブドウ種子油,アルガニアスピノサ核油,PEG/PPG-14/7ジメチルエーテル,酢酸トコフェロール,甘草フラボノイド,ポリアミド-8,ポリリシノレイン酸ポリグリセリル-6,BHT,ヒドロキシステアリン酸,テリハボク種子油,テトラ(ジ-t-ブチルヒドロキシヒドロケイヒ酸)ペンタエリスリチル,シリカ,香料",2026/03/01発売。肌にも髪にも使えるスプレータイプ。公式成分。
パーフェクト サン プロテクター ハイドロ ジェルクリーム,資生堂,SHISEIDO,SPF50+,PA++++,要確認,https://brand.shiseido.co.jp/shiseido-perfect-sun-protector-hydro-gelcream-4514254201473.html,https://www.shiseido.co.jp/sw/onlinestore/products/H61001.html,"水,エタノール,セバシン酸ジイソプロピル,オクトクリレン,サリチル酸エチルヘキシル,酸化チタン,イソドデカン,ジメチコン,PEG/PPG-9/2ジメチルエーテル,グリセリン,シリカ,PEG-60水添ヒマシ油,ビスエチルヘキシルオキシフェノールメトキシフェニルトリアジン,ジエチルアミノヒドロキシベンゾイル安息香酸ヘキシル,(アクリルアミド/アクリル酸DMAPA/メタクリル酸メトキシPEG)コポリマー,エチルヘキシルトリアゾン,t-ブチルメトキシジベンゾイルメタン,キサンタンガム,グリチルリチン酸2K,PEG/PPG-14/7ジメチルエーテル,アミノエタンスルフィン酸,ハッカ油,ユキノシタエキス,チャ葉エキス,トゲキリンサイ/ヒヂリメン/ミツイシコンブ/ウスバアオノリ/ワカメエキス,クララ根エキス,ミツイシコンブ/ワカメエキス,セスキイソステアリン酸ソルビタン,ポリリシノレイン酸ポリグリセリル-6,水酸化K,リン酸セチル,カルボマー,(アクリレーツ/アクリル酸アルキル(C10-30))クロスポリマー,(パルミチン酸/エチルヘキサン酸)デキストリン,(ジメチルアクリルアミド/アクリロイルジメチルタウリンNa)クロスポリマー,ステアロキシヒドロキシプロピルメチルセルロース,BHT,BG,ステアリン酸,パルミチン酸デキストリン,フトモモ葉エキス,フェノキシエタノール,香料",2025/03/01発売。公式成分。
パーフェクト サン プロテクター ローション,資生堂,SHISEIDO,SPF50+,PA++++,要確認,https://brand.shiseido.co.jp/shiseido-the-perfect-protector-4514254962886.html,https://www.cosme.net/variations/1197959/,"水,トリシロキサン,酸化亜鉛,ジメチコン,エタノール,オクトクリレン,タルク,サリチル酸エチルヘキシル,安息香酸アルキル(C12-15),シリカ,グリセリン,セバシン酸ジイソプロピル,PEG/PPG-9/2ジメチルエーテル,コーンスターチ,ミリスチン酸イソプロピル,ジエチルアミノヒドロキシベンゾイル安息香酸ヘキシル,パルミチン酸デキストリン,酸化チタン,PEG-9ポリジメチルシロキシエチルジメチコン,ポリリシノレイン酸ポリグリセリル-6,ホモサレート,ビスエチルヘキシルオキシフェノールメトキシフェニルトリアジン,トレハロース,塩化Na,グリチルリチン酸2K,PEG/PPG-14/7ジメチルエーテル,アミノエタンスルフィン酸,ユキノシタエキス,チャ葉エキス,トゲキリンサイ/ヒヂリメン/ミツイシコンブ/ウスバアオノリ/ワカメエキス,ヒアルロン酸Na,クララ根エキス,ミツイシコンブ/ワカメエキス,エチルヘキシルトリアゾン,ジステアルジモニウムヘクトライト,PEG-10ジメチコン,イソステアリン酸,トリエトキシカプリリルシラン,水酸化Al,ステアリン酸,EDTA-3Na,トコフェロール,BHT,BG,ビスブチルジメチコンポリグリセリル-3,PEG-6,ピロ亜硫酸Na,フトモモ葉エキス,香料,赤227,黄5,黄4",2025/03/01発売。成分は@cosme掲載の全成分を採用。
パーフェクト サン プロテクター ローション センシティブ,資生堂,SHISEIDO,SPF50+,PA++++,要確認,https://brand.shiseido.co.jp/shiseido-perfect-sun-protector-lotion-sensitive-4514254201510.html,https://www.cosme.net/products/10267296/,"ジメチコン,セバシン酸ジイソプロピル,水,シリカ,酸化亜鉛,エチルヘキサン酸セチル,BG,テトラエチルヘキサン酸ペンタエリスリチル,トリエチルヘキサノイン,カプリリルメチコン,コハク酸ジエチルヘキシル,酸化チタン,グリセリン,PEG-9ポリジメチルシロキシエチルジメチコン,ジエチルアミノヒドロキシベンゾイル安息香酸ヘキシル,エチルヘキシルトリアゾン,ジステアルジモニウムヘクトライト,パルミチン酸デキストリン,トリメチルシロキシケイ酸,ビスエチルヘキシルオキシフェノールメトキシフェニルトリアジン,塩化Na,グリチルリチン酸2K,PEG/PPG-14/7ジメチルエーテル,オウゴン根エキス,キイチゴエキス,ハマメリス葉エキス,アロエベラ葉エキス,ワイルドタイムエキス,トゲキリンサイ/ヒヂリメン/ミツイシコンブ/ウスバアオノリ/ワカメエキス,ミツイシコンブ/ワカメエキス,含水シリカ,イソステアリン酸,PEG-10ジメチコン,トリエトキシカプリリルシラン,水添パーム油,ハイドロゲンジメチコン,パーム核油,パーム油,クエン酸Na,ステアリン酸,ピロ亜硫酸Na,フトモモ葉エキス,トコフェロール,クエン酸,フェノキシエタノール",2025/03/01発売。成分は@cosme掲載の全成分を採用。
クリアスティック UVプロテクター,資生堂,SHISEIDO メン,SPF50+,PA++++,要確認,https://brand.shiseido.co.jp/shiseido-men-clear-stick-uv-protector-4514254992425.html,https://www.cosmetic-info.jp/prod/detail.php?id=84564,"ジフェニルシロキシフェニルトリメチコン,ホモサレート,オクトクリレン,ミネラルオイル,ヒドロキシステアリン酸,トリエチルヘキサノイン,サリチル酸エチルヘキシル,メタクリル酸メチルクロスポリマー,PEG/PPG-9/2ジメチルエーテル,t-ブチルメトキシジベンゾイルメタン,ジエチルアミノヒドロキシベンゾイル安息香酸ヘキシル,安息香酸アルキル(C12-15),ジブチルラウロイルグルタミド,ビスエチルヘキシルオキシフェノールメトキシフェニルトリアジン,ポリアミド-8,ジメチルシリル化シリカ,ツバキ種子油,PEG/PPG-14/7ジメチルエーテル,テトラヘキシルデカン酸アスコルビル,酢酸トコフェロール,PPG-17,BHT,トコフェロール,PEG-6,テトラ(ジ-t-ブチルヒドロキシヒドロケイヒ酸)ペンタエリスリチル,シリカ,香料",男性用日焼け止め。成分はCosmetic-Info掲載を採用。
アレルバリア エッセンス BB N,資生堂,d プログラム,SPF50+,PA+++,要確認,https://www.shiseido.co.jp/sw/onlinestore/products/F39801.html,https://www.shiseido.co.jp/sw/onlinestore/products/F39801.html,"ジメチコン,酸化チタン,水,酸化亜鉛,グリセリン,DPG,ジフェニルシロキシフェニルトリメチコン,PEG-10ジメチコン,セバシン酸ジイソプロピル,シリカ,PEG-9ポリジメチルシロキシエチルジメチコン,ビスブチルジメチコンポリグリセリル-3,水酸化Al,ジフェニルジメチコン,エリスリトール,トレハロース,キシリトール,トリメチルシロキシケイ酸,メタケイ酸アルミン酸Mg,オウゴン根エキス,グルタチオン,ポリクオタニウム-51,アセチルヒアルロン酸Na,ステアリン酸,イソステアリン酸,トリエトキシカプリリルシラン,ハイドロゲンジメチコン,含水シリカ,ジステアルジモニウムヘクトライト,BG,テトラヒドロテトラメチルシクロテトラシロキサン,トコフェロール,メタリン酸Na,テトラデセン,クエン酸Na,クエン酸,ピロ亜硫酸Na,フトモモ葉エキス,フェノキシエタノール,酸化鉄,マイカ",ライト/ミディアムの色違いは1商品に統合。UV下地として対象。
アレルバリア エッセンス N,資生堂,d プログラム,SPF50+,PA+++,要確認,https://www.shiseido.co.jp/sw/onlinestore/products/F39701.html?online_shohin_ctlg_kbn=1&shohin_pl_c_cd=F39701,https://www.shiseido.co.jp/sw/products/auth/SWFG070410.seam?online_shohin_ctlg_kbn=2&shohin_pl_c_cd=F39701,"ジメチコン,水,酸化チタン,酸化亜鉛,グリセリン,DPG,ジフェニルシロキシフェニルトリメチコン,セバシン酸ジイソプロピル,PEG-9ポリジメチルシロキシエチルジメチコン,ビスブチルジメチコンポリグリセリル-3,PEG-10ジメチコン,タルク,含水シリカ,水酸化Al,シリカ,ジフェニルジメチコン,エリスリトール,トレハロース,キシリトール,トリメチルシロキシケイ酸,メタケイ酸アルミン酸Mg,グルタチオン,ポリクオタニウム-51,アセチルヒアルロン酸Na,ハイドロゲンジメチコン,ステアリン酸,ジステアルジモニウムヘクトライト,クエン酸,クエン酸Na,メタリン酸Na,BG,ピロ亜硫酸Na,フトモモ葉エキス,トコフェロール,フェノキシエタノール",UV下地としても使える日中用美容液。公式成分。
アレルバリア クリーム N,資生堂,d プログラム,SPF30,PA+++,要確認,https://www.shiseido.co.jp/sw/onlinestore/products/F40001.html?shohin_pl_c_cd=F40001,https://www.shiseido.co.jp/sw/onlinestore/products/F40001.html?shohin_pl_c_cd=F40001,"水,ジメチコン,酸化亜鉛,BG,酸化チタン,トリエチルヘキサノイン,カプリリルメチコン,グリセリン,PEG-9ポリジメチルシロキシエチルジメチコン,タルク,ジステアルジモニウムヘクトライト,パルミチン酸デキストリン,水酸化Al,シリカ,エリスリトール,トレハロース,キシリトール,トリメチルシロキシケイ酸,塩化Na,メタケイ酸アルミン酸Mg,グルタチオン,ポリクオタニウム-51,アセチルヒアルロン酸Na,PEG-10ジメチコン,ステアリン酸,ビスブチルジメチコンポリグリセリル-3,イソステアリン酸,クエン酸Na,メタリン酸Na,ピロ亜硫酸Na,クエン酸,フトモモ葉エキス,トコフェロール,フェノキシエタノール",公式で在庫限り販売終了予定と明記。現行終売予定品として記録。
セルフバリア UVミルク,資生堂,アクアレーベル,SPF50+,PA++++,要確認,https://www.shiseido.co.jp/sw/onlinestore/products/G11101.html,https://www.shiseido.co.jp/sw/onlinestore/products/G11101.html,"水,メトキシケイヒ酸エチルヘキシル,BG,酸化亜鉛,イソヘキサデカン,グリセリン,安息香酸アルキル(C12-15),シリカ,酸化チタン,PEG-60水添ヒマシ油,ビスエチルヘキシルオキシフェノールメトキシフェニルトリアジン,カンテン,含水シリカ,ジメチコン,ジエチルアミノヒドロキシベンゾイル安息香酸ヘキシル,塩化Mg,トレハロース,PEG/PPG-14/7ジメチルエーテル,オウゴン根エキス,グルタミン酸,ラベンダー油,アシタバ葉/茎エキス,ヒアルロン酸Na,メチオニン,アスペルギルス/ツバキ種子発酵エキス液,加水分解コメエキス,オクラ果実エキス,イソステアリン酸,PEG-100水添ヒマシ油,(パルミチン酸/エチルヘキサン酸)デキストリン,水酸化Al,セスキイソステアリン酸ソルビタン,ハイドロゲンジメチコン,サクシノグリカン,ステアロキシヒドロキシプロピルメチルセルロース,ジステアリルジモニウムクロリド,BHT,トコフェロール,ピロ亜硫酸Na,EDTA-2Na,イソプロパノール,アラニン,ソメイヨシノ葉エキス,フェノキシエタノール,クロルフェネシン",乳液・UVカット・化粧下地の3役。UV下地として対象。
デイセラム N,資生堂,アネッサ,SPF50+,PA++++,要確認,https://www.shiseido.co.jp/sw/onlinestore/products/H60401.html,https://www.shiseido.co.jp/sw/onlinestore/products/H60401.html,"トラネキサム酸*,精製水,デカメチルテトラシロキサン,パラメトキシケイ皮酸2-エチルヘキシル,オクタメチルトリシロキサン,エタノール,メチルフェニルポリシロキサン,セバシン酸ジイソプロピル,安息香酸アルキル(C12~C15),メチルポリシロキサン,1,3-ブチレングリコール,濃グリセリン,PEG-9 ポリジメチルシロキシエチル ジメチコン,ポリプロピレングリコール,トリイソステアリン酸グリセリル,セスキイソステアリン酸ソルビタン,無水ケイ酸,タルク,含水ケイ酸,2,4-ビス-[{4-(2-エチルヘキシルオキシ)-2-ヒドロキシ}-フェニル]-6-(4-メトキシフェニル)-1,3,5-トリアジン,ポリオキシエチレン・メチルポリシロキサン共重合体,ステアリン酸,水酸化アルミニウム,2,4,6-トリス[4-(2-エチルヘキシルオキシカルボニル)アニリノ]-1,3,5-トリアジン,2-[4-(ジエチルアミノ)-2-ヒドロキシベンゾイル]安息香酸ヘキシルエステル,ジメチルジステアリルアンモニウムヘクトライト,イソステアリン酸,マカデミアナッツ油脂肪酸フィトステリル,エデト酸三ナトリウム,dl-α-トコフェロール,ジブチルヒドロキシトルエン,ピロ亜硫酸ナトリウム,ポリアクリル酸ナトリウム,海藻エキス(4),紅茶エキス,チャエキス(1),トルメンチラエキス,海藻エキス(1),メチルハイドロジェンポリシロキサン,アセチル化ヒアルロン酸ナトリウム,トリメチルシロキシケイ酸,イザヨイバラエキス,キイチゴエキス,水溶性コラーゲン(F),香料,酸化亜鉛,微粒子酸化チタン,低温焼成酸化亜鉛,雲母チタン,酸化チタン,ベンガラ *は「有効成分」無表示は「その他の成分」",UV美容乳液・化粧下地。対象に含めた。公式成分。image_url要確認。
パーフェクトUV スキンケアジェル NB,資生堂,アネッサ,SPF50+,PA++++,要確認,https://www.shiseido.co.jp/sw/onlinestore/products/H91001.html,https://www.shiseido.co.jp/sw/onlinestore/products/H91001.html,"水,エタノール,オクトクリレン,サリチル酸ブチルオクチル,サリチル酸エチルヘキシル,ミリスチン酸イソプロピル,安息香酸アルキル(C12-15),水添ポリデセン,t-ブチルメトキシジベンゾイルメタン,ビスエチルヘキシルオキシフェノールメトキシフェニルトリアジン,ベヘン酸,エチルヘキシルトリアゾン,シリカ,ベヘニルアルコール,トレハロース,ジエチルアミノヒドロキシベンゾイル安息香酸ヘキシル,AMPD,キサンタンガム,シャクヤク根エキス,グルタミン酸,トルメンチラ根エキス,チャ葉エキス,アセチルヒアルロン酸Na,水溶性コラーゲン,グリセリン,パルミチン酸デキストリン,アルキル(C30-45)メチコン,オレフィン(C30-45),バチルアルコール,BG,BHT,トコフェロール,クロルフェネシン,安息香酸,フェノキシエタノール,香料",40gページ採用。90gあり、サイズ違いは1商品扱い想定。image_url要確認。
パーフェクトUV スキンケアミルク NA,資生堂,アネッサ,SPF50+,PA++++,https://imagecdn.shiseido.co.jp/c%21/a%3D0%2Cf%3Dwebp%3Ajpg/resources/sw/products/img/20231221/SHOHIN_PL_C1_H16501.jpg,https://www.shiseido.co.jp/sw/onlinestore/products/H16501.html,https://www.cosme.net/products/10250520/,"ジメチコン,水,酸化亜鉛,エタノール,セバシン酸ジイソプロピル,イソドデカン,オクトクリレン,サリチル酸エチルヘキシル,安息香酸アルキル(C12-15),PEG/PPG-9/2ジメチルエーテル,コーンスターチ,タルク,シリカ,ミリスチン酸イソプロピル,ジエチルアミノヒドロキシベンゾイル安息香酸ヘキシル,酸化チタン,PEG-9ポリジメチルシロキシエチルジメチコン,パルミチン酸デキストリン,グリセリン,ホモサレート,ビスエチルヘキシルオキシフェノールメトキシフェニルトリアジン,塩化Na,PEG/PPG-14/7ジメチルエーテル,トリメチルシロキシケイ酸,グリチルリチン酸2K,チャ葉エキス,トルメンチラ根エキス,ウンシュウミカン果皮エキス,アセチルヒアルロン酸Na,ラウリルベタイン,水溶性コラーゲン,エチルヘキシルトリアゾン,ジステアルジモニウムヘクトライト,PEG-10ジメチコン,イソステアリン酸,トリエトキシカプリリルシラン,ポリリシノレイン酸ポリグリセリル-6,水酸化Al,ステアリン酸,EDTA-3Na,PEG-6,トコフェロール,BHT,BG,ビスブチルジメチコンポリグリセリル-3,ピロ亜硫酸Na,フェノキシエタノール,安息香酸Na,香料,合成金雲母",全成分は資生堂公式。画像URLは公式商品画像。
パーフェクトUV マイルドミルク NA,資生堂,アネッサ,SPF50+,PA++++,https://imagecdn.shiseido.co.jp/c%21/a%3D0%2Cf%3Dwebp%3Ajpg/resources/sw/products/img/20231221/SHOHIN_PL_C1_H16901.jpg,https://www.shiseido.co.jp/sw/onlinestore/products/H16901.html,https://www.cosme.net/products/10250527/,"水,ジメチコン,セバシン酸ジイソプロピル,BG,カプリリルメチコン,エチルヘキサン酸セチル,酸化チタン,テトラエチルヘキサン酸ペンタエリスリチル,トリエチルヘキサノイン,コハク酸ジエチルヘキシル,酸化亜鉛,DPG,シリカ,グリセリン,PEG-9ポリジメチルシロキシエチルジメチコン,ジエチルアミノヒドロキシベンゾイル安息香酸ヘキシル,ビスブチルジメチコンポリグリセリル-3,パルミチン酸デキストリン,トリメチルシロキシケイ酸,ビスエチルヘキシルオキシフェノールメトキシフェニルトリアジン,PEG/PPG-14/7ジメチルエーテル,塩化Na,チオタウリン,シャクヤク根エキス,グリチルリチン酸2K,アシタバ葉/茎エキス,アセチルヒアルロン酸Na,PEG-10ジメチコン,水酸化Al,ジステアルジモニウムヘクトライト,エチルヘキシルトリアゾン,PEG-12ジメチコン,ステアリン酸,ハイドロゲンジメチコン,べへネス-20,クエン酸Na,クエン酸,メタリン酸Na,ピロ亜硫酸Na,ソメイヨシノ葉エキス,カルボマー,トリフルオロアルキルジメチルトリメチルシロキシケイ酸,トコフェロール,フェノキシエタノール,安息香酸,硫酸Ba",全成分は資生堂公式。画像URLは公式商品画像。
ブライトニングUV ジェル NA,資生堂,アネッサ,SPF50+,PA++++,要確認,https://www.shiseido.co.jp/sw/onlinestore/products/H90901.html,https://www.shiseido.co.jp/sw/onlinestore/products/H90901.html,"トラネキサム酸*,グリチルリチン酸ジカリウム*,精製水,エタノール,ジプロピレングリコール,パラメトキシケイ皮酸2-エチルヘキシル,1,3-ブチレングリコール,セバシン酸ジイソプロピル,メチルポリシロキサン,安息香酸アルキル(C12~C15),2,4-ビス-[{4-(2-エチルヘキシルオキシ)-2-ヒドロキシ}-フェニル]-6-(4-メトキシフェニル)-1,3,5-トリアジン,無水ケイ酸,α-オレフィンオリゴマー,デカメチルテトラシロキサン,ポリオキシエチレンポリオキシプロピレンセチルエーテル(20E.O.)(8P.O.),パルミチン酸デキストリン,濃グリセリン,ポリエチレングリコール300,2-[4-(ジエチルアミノ)-2-ヒドロキシベンゾイル]安息香酸ヘキシルエステル,ポリオキシエチレン(17)ポリオキシプロピレン(4)ジメチルエーテル,2,4,6-トリス[4-(2-エチルヘキシルオキシカルボニル)アニリノ]-1,3,5-トリアジン,架橋型N,N-ジメチルアクリルアミド-2-アクリルアミド-2-メチルプロパンスルホン酸ナトリウム共重合体,ポリオキシエチレン・メチルポリシロキサン共重合体,メチルフェニルポリシロキサン,ポリ酢酸ビニルエマルジョン,サクシノグルカン,高重合ジメチルシロキサン・メチル(アミノプロピル)シロキサン共重合体,メタリン酸ナトリウム,疎水化ヒドロキシプロピルメチルセルロース,ポリビニルアルコール,エデト酸三ナトリウム,テトラヒドロテトラメチルシクロテトラシロキサン,テトラデセン,ピロ亜硫酸ナトリウム,紅茶エキス,チャエキス(1),アセチル化ヒアルロン酸ナトリウム,水溶性コラーゲン(F),フェノキシエタノール,香料,酸化チタン,雲母チタン,マイカ,硫酸バリウム,赤色227号,青色1号 *は「有効成分」無表示は「その他の成分」",医薬部外品。40gページ採用。90gあり、サイズ違いは1商品扱い想定。トーンアップ系UV。image_url要確認。
ミネラルUV マイルドジェル,資生堂,アネッサ,SPF35,PA+++,要確認,https://www.shiseido.co.jp/sw/onlinestore/products/H17001.html,https://www.shiseido.co.jp/sw/onlinestore/products/H17001.html,"ジメチコン,水,酸化亜鉛,BG,酸化チタン,グリセリン,エチルヘキサン酸セチル,DPG,ビスブチルジメチコンポリグリセリル-3,PEG-100水添ヒマシ油,トリフルオロアルキルジメチルトリメチルシロキシケイ酸,水酸化Al,パルミチン酸デキストリン,チオタウリン,シャクヤク根エキス,グリチルリチン酸2K,アシタバ葉/茎エキス,アセチルヒアルロン酸Na,PEG/PPG-14/7ジメチルエーテル,ハイドロゲンジメチコン,トリエトキシカプリリルシラン,ベヘニルアルコール,イソステアリン酸,(ジメチルアクリルアミド/アクリロイルジメチルタウリンNa)クロスポリマー,バチルアルコール,べへネス-20,サクシノグリカン,ステアロキシヒドロキシプロピルメチルセルロース,クエン酸,ピロ亜硫酸Na,ソメイヨシノ葉エキス,シリカ,トコフェロール,ステアリン酸,クエン酸Na,フェノキシエタノール,安息香酸,硫酸Ba",敏感肌向け。公式成分。image_url要確認。
ミネラルフルイド UV n,資生堂,アベンヌ,SPF50+,PA++++,要確認,https://www.shiseido.co.jp/sw/onlinestore/products/E17601.html,https://www.shiseido.co.jp/sw/onlinestore/products/E17601.html,"酸化亜鉛,温泉水,酸化チタン,(カプリル酸/カプリン酸)ヤシアルキル,ステアロイルオキシステアリン酸イソセチル,パルミチン酸イソプロピル,ネオペンタン酸イソデシル,イソドデカン,イソヘキサデカン,トリエチルヘキサノイン,ジカプリリルエーテル,ジポリヒドロキシステアリン酸PEG-30,アルミナ,ステアリン酸,カプリリルグリコール,(PEG-45/ドデシルグリコール)コポリマー,シリカ,トコフェリルグルコシド,トコフェロール,ヒマワリ種子油,ベヘン酸グリセリル,ジベヘン酸グリセリル,トリベヘニン,テトラ(ジ-t-ブチルヒドロキシヒドロケイヒ酸)ペンタエリスリチル,トリ(カプリル酸/カプリン酸)グリセリル,ジステアルジモニウムヘクトライト,ポリアミド-3,塩化Na,トリエトキシカプリリルシラン,水,EDTA-2Na,安息香酸",公式成分。image_url要確認。
ミルキープロテクター UV,資生堂,アベンヌ,SPF50+,PA++++,要確認,https://www.shiseido.co.jp/sw/onlinestore/products/H15601.html,https://www.shiseido.co.jp/sw/onlinestore/products/H15601.html,"温泉水,安息香酸アルキル(C12-15),セバシン酸ジイソプロピル,グリセリン,酸化チタン,メチレンビスベンゾトリアゾリルテトラメチルブチルフェノール,ペンチレングリコール,水,ビスエチルヘキシルオキシフェノールメトキシフェニルトリアジン,ジエチルアミノヒドロキシベンゾイル安息香酸ヘキシル,セチルリン酸K,(カプリル酸/カプリン酸)ヤシアルキル,ステアリン酸グリセリル,ステアロイルオキシステアリン酸イソセチル,(VP/エイコセン)コポリマー,カカオ種子エキス,トコフェリルグルコシド,トコフェロール,ヒマワリ種子油,トリ(カプリル酸/カプリン酸)グリセリル,アルミナ,BG,デシルグルコシド,ベヘン酸グリセリル,ジベヘン酸グリセリル,PG,ステアリン酸,トリベヘニン,キサンタンガム,安息香酸Na",顔・身体用。公式成分。
薬用フェイスプロテクトUV ミルク,資生堂,イハダ,SPF50+,PA++++,要確認,https://www.shiseido.co.jp/ihada/products/toneup-uv.html,https://www.shiseido.co.jp/ihada/products/toneup-uv.html,"トラネキサム酸,精製水,オクタメチルトリシロキサン,パラメトキシケイ皮酸2-エチルヘキシル,デカメチルテトラシロキサン,ジプロピレングリコール,メチルフェニルポリシロキサン,トリ2-エチルヘキサン酸グリセリル,無水ケイ酸,1,3-ブチレングリコール,PEG-9 ポリジメチルシロキシエチル ジメチコン,濃グリセリン,フェニルベンズイミダゾールスルホン酸,セスキイソステアリン酸ソルビタン,ステアリン酸,トリエタノールアミン,水酸化アルミニウム,トレハロース,ポリプロピレングリコール,イソステアリン酸,トリイソステアリン酸グリセリル,2-[4-(ジエチルアミノ)-2-ヒドロキシベンゾイル]安息香酸ヘキシルエステル,ジメチルジステアリルアンモニウムヘクトライト,メチルポリシロキサン,クロルフェネシン,エデト酸三ナトリウム,dl-α-トコフェロール,ジブチルヒドロキシトルエン,テトラヒドロテトラメチルシクロテトラシロキサン,ハマメリスエキス,ピロ亜硫酸ナトリウム,テトラデセン,ワセリン,L-テアニン,フェノキシエタノール,微粒子酸化チタン,酸化チタン,黄酸化鉄,ベンガラ,黄酸化鉄被覆雲母チタン",医薬部外品。トーンアップ系UV下地として対象。
日焼け止めクリーム,資生堂,ドゥーエ,SPF50+,PA++++,要確認,https://www.shiseido.co.jp/sw/onlinestore/products/H17601.html,https://www.shiseido.co.jp/sw/onlinestore/products/H17601.html,"水,カプリリルメチコン,セバシン酸ジイソプロピル,酸化チタン,BG,トリエチルヘキサノイン,酸化亜鉛,DPG,シリカ,ジメチコン,ベヘニルアルコール,グリセリン,コハク酸ジエチルヘキシル,ビスエチルヘキシルオキシフェノールメトキシフェニルトリアジン,ジエチルアミノヒドロキシベンゾイル安息香酸ヘキシル,キシリトール,ビスブチルジメチコンポリグリセリル-3,エチルヘキシルトリアゾン,フェニルベンズイミダゾールスルホン酸,AMPD,PEG-60水添ヒマシ油,PEG-100水添ヒマシ油,べへネス-20,バチルアルコール,含水シリカ,水酸化Al,イソステアリン酸,ハイドロゲンジメチコン,(ジメチルアクリルアミド/アクリロイルジメチルタウリンNa)クロスポリマー,サクシノグリカン,ステアロキシヒドロキシプロピルメチルセルロース,クエン酸,クエン酸Na,ピロ亜硫酸Na,トコフェロール,フェノキシエタノール",敏感肌向け。顔・からだ用。公式成分。
日焼け止めミルク,資生堂,ドゥーエ,SPF50+,PA+++,要確認,https://www.shiseido.co.jp/sw/onlinestore/products/H17501.html,https://www.shiseido.co.jp/sw/onlinestore/products/H17501.html,"ジメチコン,水,酸化チタン,酸化亜鉛,グリセリン,DPG,セバシン酸ジイソプロピル,ジフェニルシロキシフェニルトリメチコン,シリカ,PEG-9ポリジメチルシロキシエチルジメチコン,ビスブチルジメチコンポリグリセリル-3,PEG-10ジメチコン,タルク,含水シリカ,水酸化Al,キシリトール,ジフェニルジメチコン,ラウロイルグルタミン酸ジ(フィトステリル/オクチルドデシル),ハイドロゲンジメチコン,ステアリン酸,ジステアルジモニウムヘクトライト,クエン酸,クエン酸Na,メタリン酸Na,ピロ亜硫酸Na,トコフェロール,フェノキシエタノール",紫外線吸収剤無配合のノンケミカルタイプ。顔・からだ用。
